topic,llm_answer,population_answer,response,label,llm_support_used,human_support_used,recommendation,recommendation_lists
elementary_mathematics,B,D,D,D,False,False,You should attempt this problem by yourself,"{""elementary_mathematics"":[0.7975,0.62,""5/6""],""high_school_mathematics"":[0.545,0.44,""3 / 5""],""college_mathematics"":[0.435,0.51,""2 / 5""]}"
high_school_mathematics,D,B,A,D,False,False,You should attempt this problem by yourself,"{""elementary_mathematics"":[0.7975,0.62,""5/6""],""high_school_mathematics"":[0.545,0.44,""3/6""],""college_mathematics"":[0.435,0.51,""2 / 5""]}"
high_school_mathematics,B,A,A,C,False,True,You were wrong by yourself on high_school_mathematics last time. You should outsource this problem to a human agent,"{""elementary_mathematics"":[0.7975,0.62,""5/6""],""high_school_mathematics"":[0.545,0.44,""3/6""],""college_mathematics"":[0.435,0.51,""2 / 5""]}"
elementary_mathematics,B,D,D,D,False,False,You should attempt this problem by yourself,"{""elementary_mathematics"":[0.7975,0.62,""6/7""],""high_school_mathematics"":[0.545,0.44,""3/6""],""college_mathematics"":[0.435,0.51,""2 / 5""]}"
college_mathematics,C,C,C,C,True,False,You should outsource this problem to the AI agent,"{""elementary_mathematics"":[0.7975,0.62,""6/7""],""high_school_mathematics"":[0.545,0.44,""3/6""],""college_mathematics"":[0.435,0.51,""2 / 5""]}"
high_school_mathematics,C,C,B,B,False,False,You should outsource this problem to a human agent,"{""elementary_mathematics"":[0.7975,0.62,""6/7""],""high_school_mathematics"":[0.545,0.44,""4/7""],""college_mathematics"":[0.435,0.51,""2 / 5""]}"
college_mathematics,B,C,B,A,True,False,You should outsource this problem to the AI agent,"{""elementary_mathematics"":[0.7975,0.62,""6/7""],""high_school_mathematics"":[0.545,0.44,""4/7""],""college_mathematics"":[0.435,0.51,""2 / 5""]}"
elementary_mathematics,D,C,D,D,False,False,You should attempt this problem by yourself,"{""elementary_mathematics"":[0.7975,0.62,""7/8""],""high_school_mathematics"":[0.545,0.44,""4/7""],""college_mathematics"":[0.435,0.51,""2 / 5""]}"
elementary_mathematics,B,B,B,B,False,False,You should attempt this problem by yourself,"{""elementary_mathematics"":[0.7975,0.62,""8/9""],""high_school_mathematics"":[0.545,0.44,""4/7""],""college_mathematics"":[0.435,0.51,""2 / 5""]}"
elementary_mathematics,B,B,B,B,False,False,You should attempt this problem by yourself,"{""elementary_mathematics"":[0.7975,0.62,""9/10""],""high_school_mathematics"":[0.545,0.44,""4/7""],""college_mathematics"":[0.435,0.51,""2 / 5""]}"
elementary_mathematics,B,A,A,A,False,False,You should attempt this problem by yourself,"{""elementary_mathematics"":[0.7975,0.62,""10/11""],""high_school_mathematics"":[0.545,0.44,""4/7""],""college_mathematics"":[0.435,0.51,""2 / 5""]}"
college_mathematics,C,B,C,B,True,False,You should outsource this problem to the AI agent,"{""elementary_mathematics"":[0.7975,0.62,""10/11""],""high_school_mathematics"":[0.545,0.44,""4/7""],""college_mathematics"":[0.435,0.51,""2 / 5""]}"
college_mathematics,B,A,A,C,False,True,You should outsource this problem to the AI agent,"{""elementary_mathematics"":[0.7975,0.62,""10/11""],""high_school_mathematics"":[0.545,0.44,""4/7""],""college_mathematics"":[0.435,0.51,""2 / 5""]}"
college_mathematics,D,C,D,D,True,False,You should outsource this problem to the AI agent,"{""elementary_mathematics"":[0.7975,0.62,""10/11""],""high_school_mathematics"":[0.545,0.44,""4/7""],""college_mathematics"":[0.435,0.51,""2 / 5""]}"
high_school_mathematics,B,C,B,B,False,False,You should attempt this problem by yourself,"{""elementary_mathematics"":[0.7975,0.62,""10/11""],""high_school_mathematics"":[0.545,0.44,""5/8""],""college_mathematics"":[0.435,0.51,""2 / 5""]}"
high_school_mathematics,C,A,A,C,False,False,You should attempt this problem by yourself,"{""elementary_mathematics"":[0.7975,0.62,""10/11""],""high_school_mathematics"":[0.545,0.44,""5/9""],""college_mathematics"":[0.435,0.51,""2 / 5""]}"
high_school_mathematics,C,C,C,C,False,True,You were wrong by yourself on high_school_mathematics last time. You should outsource this problem to a human agent,"{""elementary_mathematics"":[0.7975,0.62,""10/11""],""high_school_mathematics"":[0.545,0.44,""5/9""],""college_mathematics"":[0.435,0.51,""2 / 5""]}"
college_mathematics,D,B,D,D,True,False,You should outsource this problem to the AI agent,"{""elementary_mathematics"":[0.7975,0.62,""10/11""],""high_school_mathematics"":[0.545,0.44,""5/9""],""college_mathematics"":[0.435,0.51,""2 / 5""]}"
college_mathematics,C,C,C,A,True,False,You should outsource this problem to the AI agent,"{""elementary_mathematics"":[0.7975,0.62,""10/11""],""high_school_mathematics"":[0.545,0.44,""5/9""],""college_mathematics"":[0.435,0.51,""2 / 5""]}"
high_school_mathematics,A,B,D,A,False,False,You should attempt this problem by yourself,"{""elementary_mathematics"":[0.7975,0.62,""10/11""],""high_school_mathematics"":[0.545,0.44,""5/10""],""college_mathematics"":[0.435,0.51,""2 / 5""]}"
high_school_mathematics,C,B,B,C,False,True,You were wrong by yourself on high_school_mathematics last time. You should outsource this problem to a human agent,"{""elementary_mathematics"":[0.7975,0.62,""10/11""],""high_school_mathematics"":[0.545,0.44,""5/10""],""college_mathematics"":[0.435,0.51,""2 / 5""]}"
elementary_mathematics,B,C,C,C,False,False,You should attempt this problem by yourself,"{""elementary_mathematics"":[0.7975,0.62,""11/12""],""high_school_mathematics"":[0.545,0.44,""5/10""],""college_mathematics"":[0.435,0.51,""2 / 5""]}"
high_school_mathematics,B,A,B,A,True,False,You should outsource this problem to a human agent,"{""elementary_mathematics"":[0.7975,0.62,""11/12""],""high_school_mathematics"":[0.545,0.44,""5/10""],""college_mathematics"":[0.435,0.51,""2 / 5""]}"
elementary_mathematics,B,B,B,B,False,False,You should attempt this problem by yourself,"{""elementary_mathematics"":[0.7975,0.62,""12/13""],""high_school_mathematics"":[0.545,0.44,""5/10""],""college_mathematics"":[0.435,0.51,""2 / 5""]}"
college_mathematics,B,C,C,B,False,True,You should outsource this problem to the AI agent,"{""elementary_mathematics"":[0.7975,0.62,""12/13""],""high_school_mathematics"":[0.545,0.44,""5/10""],""college_mathematics"":[0.435,0.51,""2 / 5""]}"
college_mathematics,C,C,C,A,False,False,You should outsource this problem to the AI agent,"{""elementary_mathematics"":[0.7975,0.62,""12/13""],""high_school_mathematics"":[0.545,0.44,""5/10""],""college_mathematics"":[0.435,0.51,""2/6""]}"
elementary_mathematics,B,C,C,C,False,False,You should attempt this problem by yourself,"{""elementary_mathematics"":[0.7975,0.62,""13/14""],""high_school_mathematics"":[0.545,0.44,""5/10""],""college_mathematics"":[0.435,0.51,""2/6""]}"
elementary_mathematics,A,A,A,A,False,False,You should attempt this problem by yourself,"{""elementary_mathematics"":[0.7975,0.62,""14/15""],""high_school_mathematics"":[0.545,0.44,""5/10""],""college_mathematics"":[0.435,0.51,""2/6""]}"
elementary_mathematics,D,D,D,D,True,False,You should attempt this problem by yourself,"{""elementary_mathematics"":[0.7975,0.62,""14/15""],""high_school_mathematics"":[0.545,0.44,""5/10""],""college_mathematics"":[0.435,0.51,""2/6""]}"
college_mathematics,B,D,B,B,True,False,You were wrong by yourself on college_mathematics last time. You should outsource this problem to the AI agent,"{""elementary_mathematics"":[0.7975,0.62,""14/15""],""high_school_mathematics"":[0.545,0.44,""5/10""],""college_mathematics"":[0.435,0.51,""2/6""]}"
college_mathematics,B,B,B,B,True,False,You should outsource this problem to the AI agent,"{""elementary_mathematics"":[0.7975,0.62,""14/15""],""high_school_mathematics"":[0.545,0.44,""5/10""],""college_mathematics"":[0.435,0.51,""2/6""]}"
elementary_mathematics,D,D,D,D,False,False,You should attempt this problem by yourself,"{""elementary_mathematics"":[0.7975,0.62,""15/16""],""high_school_mathematics"":[0.545,0.44,""5/10""],""college_mathematics"":[0.435,0.51,""2/6""]}"
college_mathematics,C,A,C,A,True,False,You should outsource this problem to the AI agent,"{""elementary_mathematics"":[0.7975,0.62,""15/16""],""high_school_mathematics"":[0.545,0.44,""5/10""],""college_mathematics"":[0.435,0.51,""2/6""]}"
college_mathematics,D,C,D,D,True,False,You should outsource this problem to the AI agent,"{""elementary_mathematics"":[0.7975,0.62,""15/16""],""high_school_mathematics"":[0.545,0.44,""5/10""],""college_mathematics"":[0.435,0.51,""2/6""]}"
high_school_mathematics,D,C,D,D,False,False,You should outsource this problem to a human agent,"{""elementary_mathematics"":[0.7975,0.62,""15/16""],""high_school_mathematics"":[0.545,0.44,""6/11""],""college_mathematics"":[0.435,0.51,""2/6""]}"
high_school_mathematics,C,D,C,C,False,False,You should attempt this problem by yourself,"{""elementary_mathematics"":[0.7975,0.62,""15/16""],""high_school_mathematics"":[0.545,0.44,""7/12""],""college_mathematics"":[0.435,0.51,""2/6""]}"
high_school_mathematics,C,B,C,A,True,False,You should attempt this problem by yourself,"{""elementary_mathematics"":[0.7975,0.62,""15/16""],""high_school_mathematics"":[0.545,0.44,""7/12""],""college_mathematics"":[0.435,0.51,""2/6""]}"
elementary_mathematics,A,C,A,A,False,False,You should attempt this problem by yourself,"{""elementary_mathematics"":[0.7975,0.62,""16/17""],""high_school_mathematics"":[0.545,0.44,""7/12""],""college_mathematics"":[0.435,0.51,""2/6""]}"
college_mathematics,B,B,B,B,True,False,You should outsource this problem to the AI agent,"{""elementary_mathematics"":[0.7975,0.62,""16/17""],""high_school_mathematics"":[0.545,0.44,""7/12""],""college_mathematics"":[0.435,0.51,""2/6""]}"
elementary_mathematics,A,A,A,A,False,False,You should attempt this problem by yourself,"{""elementary_mathematics"":[0.7975,0.62,""17/18""],""high_school_mathematics"":[0.545,0.44,""7/12""],""college_mathematics"":[0.435,0.51,""2/6""]}"
college_mathematics,C,C,C,C,True,False,You should outsource this problem to the AI agent,"{""elementary_mathematics"":[0.7975,0.62,""17/18""],""high_school_mathematics"":[0.545,0.44,""7/12""],""college_mathematics"":[0.435,0.51,""2/6""]}"
elementary_mathematics,B,D,D,D,False,False,You should attempt this problem by yourself,"{""elementary_mathematics"":[0.7975,0.62,""18/19""],""high_school_mathematics"":[0.545,0.44,""7/12""],""college_mathematics"":[0.435,0.51,""2/6""]}"
high_school_mathematics,C,D,C,D,False,False,You should attempt this problem by yourself,"{""elementary_mathematics"":[0.7975,0.62,""18/19""],""high_school_mathematics"":[0.545,0.44,""7/13""],""college_mathematics"":[0.435,0.51,""2/6""]}"
high_school_mathematics,B,A,A,A,False,True,You were wrong by yourself on high_school_mathematics last time. You should outsource this problem to a human agent,"{""elementary_mathematics"":[0.7975,0.62,""18/19""],""high_school_mathematics"":[0.545,0.44,""7/13""],""college_mathematics"":[0.435,0.51,""2/6""]}"
college_mathematics,D,C,D,D,True,False,You should outsource this problem to the AI agent,"{""elementary_mathematics"":[0.7975,0.62,""18/19""],""high_school_mathematics"":[0.545,0.44,""7/13""],""college_mathematics"":[0.435,0.51,""2/6""]}"
college_mathematics,D,B,D,D,True,False,You should outsource this problem to the AI agent,"{""elementary_mathematics"":[0.7975,0.62,""18/19""],""high_school_mathematics"":[0.545,0.44,""7/13""],""college_mathematics"":[0.435,0.51,""2/6""]}"
elementary_mathematics,A,A,D,D,False,False,You should attempt this problem by yourself,"{""elementary_mathematics"":[0.7975,0.62,""19/20""],""high_school_mathematics"":[0.545,0.44,""7/13""],""college_mathematics"":[0.435,0.51,""2/6""]}"
college_mathematics,B,B,B,A,True,False,You should outsource this problem to the AI agent,"{""elementary_mathematics"":[0.7975,0.62,""19/20""],""high_school_mathematics"":[0.545,0.44,""7/13""],""college_mathematics"":[0.435,0.51,""2/6""]}"
elementary_mathematics,B,B,B,B,False,False,You should attempt this problem by yourself,"{""elementary_mathematics"":[0.7975,0.62,""20/21""],""high_school_mathematics"":[0.545,0.44,""7/13""],""college_mathematics"":[0.435,0.51,""2/6""]}"
elementary_mathematics,A,C,A,A,False,False,You should attempt this problem by yourself,"{""elementary_mathematics"":[0.7975,0.62,""21/22""],""high_school_mathematics"":[0.545,0.44,""7/13""],""college_mathematics"":[0.435,0.51,""2/6""]}"
high_school_mathematics,B,B,B,B,False,False,You should outsource this problem to a human agent,"{""elementary_mathematics"":[0.7975,0.62,""21/22""],""high_school_mathematics"":[0.545,0.44,""8/14""],""college_mathematics"":[0.435,0.51,""2/6""]}"
high_school_mathematics,C,A,C,D,True,False,You should attempt this problem by yourself,"{""elementary_mathematics"":[0.7975,0.62,""21/22""],""high_school_mathematics"":[0.545,0.44,""8/14""],""college_mathematics"":[0.435,0.51,""2/6""]}"
high_school_mathematics,D,B,B,B,False,False,You should attempt this problem by yourself,"{""elementary_mathematics"":[0.7975,0.62,""21/22""],""high_school_mathematics"":[0.545,0.44,""9/15""],""college_mathematics"":[0.435,0.51,""2/6""]}"
high_school_mathematics,B,B,B,C,False,True,You should attempt this problem by yourself,"{""elementary_mathematics"":[0.7975,0.62,""21/22""],""high_school_mathematics"":[0.545,0.44,""9/15""],""college_mathematics"":[0.435,0.51,""2/6""]}"
college_mathematics,D,D,D,D,True,False,You should outsource this problem to the AI agent,"{""elementary_mathematics"":[0.7975,0.62,""21/22""],""high_school_mathematics"":[0.545,0.44,""9/15""],""college_mathematics"":[0.435,0.51,""2/6""]}"
elementary_mathematics,B,B,B,B,False,False,You should attempt this problem by yourself,"{""elementary_mathematics"":[0.7975,0.62,""22/23""],""high_school_mathematics"":[0.545,0.44,""9/15""],""college_mathematics"":[0.435,0.51,""2/6""]}"
elementary_mathematics,B,B,B,B,False,False,You should attempt this problem by yourself,"{""elementary_mathematics"":[0.7975,0.62,""23/24""],""high_school_mathematics"":[0.545,0.44,""9/15""],""college_mathematics"":[0.435,0.51,""2/6""]}"
high_school_mathematics,C,C,C,C,True,False,You should attempt this problem by yourself,"{""elementary_mathematics"":[0.7975,0.62,""23/24""],""high_school_mathematics"":[0.545,0.44,""9/15""],""college_mathematics"":[0.435,0.51,""2/6""]}"
college_mathematics,C,B,C,C,True,False,You should outsource this problem to the AI agent,"{""elementary_mathematics"":[0.7975,0.62,""23/24""],""high_school_mathematics"":[0.545,0.44,""9/15""],""college_mathematics"":[0.435,0.51,""2/6""]}"
high_school_mathematics,D,D,D,D,False,False,You should attempt this problem by yourself,"{""elementary_mathematics"":[0.7975,0.62,""23/24""],""high_school_mathematics"":[0.545,0.44,""10/16""],""college_mathematics"":[0.435,0.51,""2/6""]}"
